"shop_id";"sku";"isbn";"weight";"title";"";"date";"";"description";"currency";"price";"stock"
"93278";"978823250295009327801";"9788232502950";"0,390000000000";"Rydd opp hjemme (2018)";"BC";"13.12.2017 00:00:00";"32";"";"nob";"199,000000000000";"0"
"93278";"978828343003509327801";"9788283430035";"0,720000000000";"Fargelegg: Figur og fantasi";"BC";"17.06.2015 00:00:00";"83";"The Creative Therapy Colouring Book";"nob";"119,200000000000";"0"
"93278";"978828343004209327801";"9788283430042";"0,720000000000";"Fargelegg: Dyr og Fantasi";"BC";"17.06.2015 00:00:00";"83";"Art Therapy An anti-stress coloring book";"nob";"135,200000000000";"0"
"93278";"978828343005909327801";"9788283430059";"0,340000000000";"Fargelegg: Animorphia";"BC";"17.06.2015 00:00:00";"83";"Animorphia";"nob";"119,200000000000";"0"
"93278";"978828343006609327801";"9788283430066";"0,940000000000";"Fargelegg: Figur og Fantasi (innbundet)";"BB";"25.06.2015 00:00:00";"83";"The Creative Therapy Colouring Book";"nob";"135,200000000000";"0"
"93278";"978828343007309327801";"9788283430073";"0,940000000000";"Fargelegg: Dyr og Fantasi (innbundet)";"BB";"25.06.2015 00:00:00";"83";"Art Therapy An anti-stress coloring book";"nob";"135,200000000000";"0"
"93278";"978828343008009327801";"9788283430080";"0,780000000000";"Fargelegg: Animorphia (innbundet)";"BB";"25.06.2015 00:00:00";"83";"Animorphia";"nob";"119,200000000000";"0"
"93278";"978828343009709327801";"9788283430097";"0,220000000000";"Jeg elsker fargelegging";"BC";"02.07.2015 00:00:00";"83";"I Heart Colouring";"nob";"103,200000000000";"0"
"93278";"978828343010309327801";"9788283430103";"0,720000000000";"Fargelegg: Mønster og fantasi";"BC";"20.07.2015 00:00:00";"83";"Colour Therapy";"nob";"119,200000000000";"0"
"93278";"978828343011009327801";"9788283430110";"0,000000000000";"Fargelegg: Mønster og fantasi (innbundet)";"BC";"20.07.2015 00:00:00";"83";"Colour Therapy";"nob";"143,200000000000";"0"
"93278";"978828343012709327801";"9788283430127";"0,480000000000";"Ny Vitenskap: Teknologi";"BC";"29.07.2015 00:00:00";"32";"How It Works Book of Amazing Technology Volume 3";"nob";"179,000000000000";"11"
"93278";"978828343013409327801";"9788283430134";"0,738000000000";"Ny Vitenskap Junior: Universet (innbundet)";"BB";"21.08.2015 00:00:00";"34";"Ny Vitenskap Junior: Universet";"nob";"199,000000000000";"28"
"93278";"978828343014109327801";"9788283430141";"0,480000000000";"En sjelden fugl: En helt spesiell fargeleggingsbok";"BC";"03.09.2015 00:00:00";"83";"En sjelden fugl: En helt spesiell fargeleggingsbok";"nob";"135,200000000000";"0"
"93278";"978828343015809327801";"9788283430158";"0,476000000000";"Ny Vitenskap Junior: Universet";"BC";"21.08.2015 00:00:00";"34";"Ny Vitenskap Junior: Universet";"nob";"179,000000000000";"0"
"93278";"978828343024009327801";"9788283430240";"0,710000000000";"Flower Power Kreativ fargelegging for voksne";"BC";"03.09.2015 00:00:00";"32";"60s Patterns";"nob";"119,200000000000";"0"
"93278";"978828343025709327801";"9788283430257";"0,620000000000";"Tattoo Designs Kreativ fargelegging for voksne";"BC";"03.09.2015 00:00:00";"32";"Tattoo Designs";"nob";"119,200000000000";"0"
"93278";"978828343026409327801";"9788283430264";"0,180000000000";"Fargelegg Julekort";"BC";"19.10.2015 00:00:00";"32";"Fargelegg Julekort";"nob";"79,200000000000";"490"
"93278";"978828343027109327801";"9788283430271";"0,420000000000";"Trening for alle: Langrenn";"BC";"06.11.2015 00:00:00";"31";"Trening for alle: Langrenn";"nob";"149,000000000000";"1"
"93278";"978828343028809327801";"9788283430288";"0,600000000000";"Trening for alle: Langrenn";"BB";"06.11.2015 00:00:00";"32";"";"nob";"179,000000000000";"0"
"93278";"978828343033209327801";"9788283430332";"0,220000000000";"Jeg elsker fargelegging: Blomster";"BC";"17.09.2015 00:00:00";"32";"I love coloring flowers";"nob";"103,200000000000";"0"
"93278";"978828343036309327801";"9788283430363";"0,580000000000";"Ny Vitenskap Historie";"BC";"21.09.2015 00:00:00";"32";"How it works History";"nob";"179,000000000000";"53"
"93278";"978828343041709327801";"9788283430417";"0,428000000000";"MacBoka";"BC";"01.10.2015 00:00:00";"32";"MacBook for beginners";"nob";"179,000000000000";"0"
"93278";"978828343042409327801";"9788283430424";"0,488000000000";"Ny Vitenskap Ekstremvær";"BC";"21.09.2015 00:00:00";"32";"How it works Extreme Weather";"nob";"179,000000000000";"54"
"93278";"978828343043109327801";"9788283430431";"0,480000000000";"Ny Vitenskap Junior Dinosaur";"BC";"22.10.2015 00:00:00";"33";"How it works Dinosaurs";"nob";"179,000000000000";"0"
"93278";"978828343044809327801";"9788283430448";"0,690000000000";"Ny Vitenskap Junior Dinosaur (Innbundet)";"BB";"22.10.2015 00:00:00";"33";"How it works Dinosaurs";"nob";"199,000000000000";"0"
"93278";"978828343045509327801";"9788283430455";"0,480000000000";"Fargelegg Julemotiv";"BC";"02.11.2015 00:00:00";"32";"Christmas Patterns";"nob";"79,200000000000";"0"
"93278";"978828343046209327801";"9788283430462";"0,416000000000";"iPhone Boka 2016";"BC";"19.11.2015 00:00:00";"32";"iPhone book for beginners";"nob";"149,000000000000";"25"
"93278";"978828343050909327801";"9788283430509";"0,414000000000";"Android Boka 2016";"BC";"09.01.2016 00:00:00";"31";"Android for beginners";"nob";"179,000000000000";"18"
"93278";"978828343054709327801";"9788283430547";"0,412000000000";"Windows Phone Boken";"BC";"27.01.2016 00:00:00";"32";"";"nob";"179,000000000000";"31"
"93278";"978828343058509327801";"9788283430585";"0,418000000000";"Applewatch  Boka";"BC";"05.11.2015 00:00:00";"32";"Applewatch for beginners";"nob";"179,000000000000";"29"
"93278";"978828343068409327801";"9788283430684";"0,524000000000";"Ny Vitenskap Det beste fra 2015";"BC";"19.11.2015 00:00:00";"32";"How it works Annual 2015";"nob";"179,000000000000";"10"
"93278";"978828343085109327801";"9788283430851";"0,462000000000";"En forunderlig verden: En helt spesiell fargeleggi";"BC";"24.02.2016 00:00:00";"32";"";"nob";"135,200000000000";"0"
"93278";"978828343090509327801";"9788283430905";"0,440000000000";"Minecraft Boka";"BC";"19.11.2015 00:00:00";"44";"Minecraft Tips & Tricks";"nob";"179,000000000000";"51"
"93278";"978828343091209327801";"9788283430912";"0,414000000000";"iPad Boka 2016";"BC";"07.12.2015 00:00:00";"32";"iPhone book for beginners";"nob";"149,000000000000";"2"
"93278";"978828343092909327801";"9788283430929";"0,318000000000";"Ny kropp på 12 uker";"BC";"17.12.2015 00:00:00";"32";"12 week body plan";"nob";"99,000000000000";"7"
"93278";"978828343093609327801";"9788283430936";"0,260000000000";"Ned en størrelse på 4 uker";"BC";"17.12.2011 00:00:00";"32";"Drop a size";"nob";"99,000000000000";"0"
"93278";"978828343094309327801";"9788283430943";"0,530000000000";"Ny Vitenskap Kroppen 2016";"BC";"17.12.2015 00:00:00";"32";"How it works Human body";"nob";"179,000000000000";"11"
"93278";"978828343095009327801";"9788283430950";"0,350000000000";"Ny kropp på 6 uker";"BC";"15.12.2015 00:00:00";"32";"Total body plan";"nob";"99,000000000000";"0"
"93278";"978828343097409327801";"9788283430974";"0,530000000000";"Ny vitenskap junior vol 2";"BC";"05.02.2016 00:00:00";"33";"How it works junior";"nob";"179,000000000000";"0"
"93278";"978828343098109327801";"9788283430981";"0,738000000000";"Ny vitenskap junior vol 2";"BB";"05.01.2016 00:00:00";"34";"How it works junior";"nob";"199,000000000000";"45"
"93278";"978828343100109327801";"9788283431001";"0,357000000000";"Imagimorphia: En helt spesiel fargeleggingsbok";"BC";"14.04.2016 00:00:00";"32";"Imagemorphia";"nob";"135,200000000000";"0"
"93278";"978828343104909327801";"9788283431049";"0,529000000000";"Ny vitenskap: Historie vol 2";"BC";"25.02.2016 00:00:00";"32";"How it works History";"nob";"179,000000000000";"112"
"93278";"978828343105609327801";"9788283431056";"0,630000000000";"Minecraft Boka vol 2";"BB";"15.03.2016 00:00:00";"33";"Minecraft Secrets & Cheats";"nob";"199,000000000000";"0"
"93278";"978828343106309327801";"9788283431063";"0,314000000000";"Seriemordere";"BC";"07.03.2016 00:00:00";"32";"Serial Killers";"nob";"129,000000000000";"66"
"93278";"978828343111709327801";"9788283431117";"0,440000000000";"Minecraft Boka vol 2";"BC";"15.03.2016 00:00:00";"34";"Minecraft Secrets & Cheats";"nob";"179,000000000000";"0"
"93278";"978828343112409327801";"9788283431124";"0,492000000000";"Triatlon treningsbok";"BC";"08.04.2016 00:00:00";"32";"The Triathlon Training Book";"nob";"199,000000000000";"38"
"93278";"978828343113109327801";"9788283431131";"0,480000000000";"Drømmen om maraton";"BC";"08.04.2016 00:00:00";"32";"Marathon for beginners";"nob";"179,000000000000";"2"
"93278";"978828343114809327801";"9788283431148";"0,417000000000";"Makeup på ti minutter";"BC";"08.02.2017 00:00:00";"32";"10 minute makeup";"nob";"199,000000000000";"67"
"93278";"978828343115509327801";"9788283431155";"0,414000000000";"Hårfrisyrer på 10 minutter";"BC";"21.04.2016 00:00:00";"32";"10 minute hairstyles";"nob";"199,000000000000";"45"
"93278";"978828343116209327801";"9788283431162";"0,254000000000";"Skinny Jeans på 4 uker";"BC";"21.04.2016 00:00:00";"42";"";"nob";"159,000000000000";"59"
"93278";"978828343117909327801";"9788283431179";"0,580000000000";"Ny Vitenskap: Vår Utrolige Verden";"BC";"28.04.2016 00:00:00";"42";"How it works Incredible planet";"nob";"179,000000000000";"0"
"93278";"978828343118609327801";"9788283431186";"0,324000000000";"Offisielle UEFA Euro 2016";"BC";"21.04.2016 00:00:00";"42";"Offisielle UEFA Euro 2016";"nob";"149,000000000000";"28"
"93278";"978828343120909327801";"9788283431209";"0,340000000000";"Stram opp og tren hjemme";"BC";"21.03.2016 00:00:00";"32";"Shape up at home";"nob";"99,000000000000";"0"
"93278";"978828343125409327801";"9788283431254";"0,580000000000";"Ny Vitenskap: Utrolige kjøretøy";"BC";"07.04.2016 00:00:00";"32";"";"nob";"179,000000000000";"0"
"93278";"978828343126109327801";"9788283431261";"0,456000000000";"Sykkeleventyr ""Big Rides""";"BC";"07.04.2016 00:00:00";"32";"";"nob";"179,000000000000";"25"
"93278";"978828343127809327801";"9788283431278";"0,220000000000";"Jeg elsker fargelegging:Katter";"BC";"09.05.2016 00:00:00";"83";"I heart coloring Cats";"nob";"79,200000000000";"0"
"93278";"978828343128509327801";"9788283431285";"0,430000000000";"Trening for alle: Løping";"BC";"23.06.2016 00:00:00";"32";"";"nob";"99,000000000000";"26"
"93278";"978828343130809327801";"9788283431308";"0,400000000000";"Minecraft-boka vol 3 Utrolige Byggverk";"BC";"11.05.2016 00:00:00";"33";"Minecraft Fantastic Builds";"nob";"179,000000000000";"0"
"93278";"978828343131509327801";"9788283431315";"0,300000000000";"Justin Bieber";"BC";"28.07.2016 00:00:00";"33";"Justin Bieber";"nob";"129,000000000000";"38"
"93278";"978828343132209327801";"9788283431322";"0,310000000000";"Tren ute!";"BC";"19.05.2016 00:00:00";"31";"Get outdoors!";"nob";"99,000000000000";"25"
"93278";"978828343133909327801";"9788283431339";"0,463000000000";"Lett å løpe!";"BC";"19.05.2016 00:00:00";"32";"Running ""How to run faster, stronger and longer""";"nob";"179,000000000000";"54"
"93278";"978828343136009327801";"9788283431360";"0,288000000000";"Fargelegg Fantastiske Dyr";"BC";"02.06.2016 00:00:00";"83";"Menagerie (NO)";"nob";"119,200000000000";"0"
"93278";"978828343137709327801";"9788283431377";"0,416000000000";"Sykkeleventyr Big Rides vol 2";"BC";"02.06.2016 00:00:00";"42";"Big Rides 2";"nob";"179,000000000000";"15"
"93278";"978828343139109327801";"9788283431391";"0,288000000000";"Den komplette hundeboka";"BC";"16.09.2016 00:00:00";"32";"The complete dog manual";"nob";"179,000000000000";"744"
"93278";"978828343140709327801";"9788283431407";"0,398000000000";"Den komplette katteboken";"BC";"20.10.2016 00:00:00";"32";"Cat manual";"nob";"179,000000000000";"290"
"93278";"978828343141409327801";"9788283431414";"0,246000000000";"Yoga 10 minutter med";"BC";"04.08.2016 00:00:00";"31";"Yoga for fitness";"nob";"99,000000000000";"428"
"93278";"978828343144509327801";"9788283431445";"0,384000000000";"Crossfit sterk og smidig";"BC";"04.08.2016 00:00:00";"32";"Lean & Strong";"nob";"179,000000000000";"8"
"93278";"978828343145209327801";"9788283431452";"0,274000000000";"Fin på håret";"BC";"22.09.2016 00:00:00";"32";"The new braiding handbook";"nob";"159,000000000000";"0"
"93278";"978828343147609327801";"9788283431476";"0,476000000000";"Krigshistorie";"BC";"16.09.2016 00:00:00";"31";"";"nob";"179,000000000000";"96"
"93278";"978828343148309327801";"9788283431483";"0,398000000000";"Minecraft-boka vol 4 Tips&Tricks 2";"BC";"05.09.2016 00:00:00";"33";"Minecraft Tips & Tricks 2";"nob";"179,000000000000";"139"
"93278";"978828343151309327801";"9788283431513";"0,431000000000";"Lego Utrolige kjøretøy";"BC";"05.09.2016 00:00:00";"34";"";"nob";"159,000000000000";"0"
"93278";"978828343153709327801";"9788283431537";"0,482000000000";"Youtube Verdensrekorder (Heftet)";"BC";"08.09.2016 00:00:00";"33";"Youtube World Records";"nob";"179,000000000000";"7"
"93278";"978828343154409327801";"9788283431544";"0,320000000000";"Fitness Menn: Hjemme trening";"BC";"16.09.2016 00:00:00";"32";"Fitness Home Training";"nob";"99,000000000000";"0"
"93278";"978828343155109327801";"9788283431551";"0,357000000000";"Superfit: Få kroppen du drømmer om";"BC";"16.09.2016 00:00:00";"32";"HIIT";"nob";"159,000000000000";"21"
"93278";"978828343160509327801";"9788283431605";"0,478000000000";"Østfronten Den brutale historien";"BC";"13.10.2016 00:00:00";"32";"";"nob";"179,000000000000";"29"
"93278";"978828343163609327801";"9788283431636";"0,480000000000";"Ny Vitenskap Universet";"BC";"05.09.2016 00:00:00";"32";"";"nob";"179,000000000000";"0"
"93278";"978828343164309327801";"9788283431643";"0,570000000000";"Gaming verdens heftigeste rekorder";"BB";"27.10.2016 00:00:00";"33";"Gaming Records";"nob";"149,000000000000";"0"
"93278";"978828343165009327801";"9788283431650";"0,470000000000";"Ny Vitenskap Junior Kroppen";"BC";"20.10.2016 00:00:00";"34";"";"nob";"179,000000000000";"0"
"93278";"978828343166709327801";"9788283431667";"0,576000000000";"Minecraft-boka vol 3 Utrolige Byggverk";"BB";"11.05.2016 00:00:00";"33";"Minecraft Epic Builds";"nob";"199,000000000000";"7"
"93278";"978828343175909327801";"9788283431759";"0,590000000000";"Ny Vitenskap Junior Historie";"BC";"07.07.2016 00:00:00";"33";"How it works Junior";"nob";"179,000000000000";"0"
"93278";"978828343177309327801";"9788283431773";"0,658000000000";"Youtube Verdensrekorder";"BB";"08.09.2016 00:00:00";"33";"Youtube World Records";"nob";"199,000000000000";"577"
"93278";"978828343178009327801";"9788283431780";"0,530000000000";"Fotballens gale verden";"BB";"12.08.2016 00:00:00";"33";"Fotball Crazy";"nob";"179,000000000000";"0"
"93278";"978828343179709327801";"9788283431797";"0,590000000000";"Fotballens Rekordbok";"BB";"27.10.2016 00:00:00";"33";"Football Records";"nob";"149,000000000000";"0"
"93278";"978828343181009327801";"9788283431810";"0,472000000000";"Det beste fra Vitenskapen";"BC";"10.11.2016 00:00:00";"32";"How it works Annual 2016";"nob";"179,000000000000";"94"
"93278";"978828343186509327801";"9788283431865";"0,428000000000";"Minecraft Den ultimate guide";"BC";"03.11.2017 00:00:00";"33";"The ultimate guide to Minecraft";"nob";"179,000000000000";"0"
"93278";"978828343188909327801";"9788283431889";"0,472000000000";"Vikinger";"BC";"03.11.2017 00:00:00";"32";"Vikings";"nob";"179,000000000000";"33"
"93278";"978828343189609327801";"9788283431896";"0,460000000000";"Top Gear Superbiler";"BC";"27.10.2016 00:00:00";"32";"Top Gear Supercars";"nob";"179,000000000000";"42"
"93278";"978828343190209327801";"9788283431902";"0,420000000000";"Uløste Mordmysterier";"BC";"03.11.2017 00:00:00";"32";"Unsolved Crimes";"nob";"179,000000000000";"0"
"93278";"978828343192609327801";"9788283431926";"0,467000000000";"Den amerikanske borgerkrigen";"BC";"01.12.2016 00:00:00";"32";"";"nob";"179,000000000000";"14"
"93278";"978828343193309327801";"9788283431933";"0,341000000000";"Pokemon GO Den ultimate guide";"BC";"15.09.2016 00:00:00";"33";"";"nob";"149,000000000000";"3294"
"93278";"978828343196409327801";"9788283431964";"0,240000000000";"Fargelegg Våre kjæreste julesanger";"BC";"27.10.2016 00:00:00";"83";"";"nob";"119,200000000000";"0"
"93278";"978828343197109327801";"9788283431971";"0,220000000000";"Minecraft Håndbok";"BC";"27.10.2016 00:00:00";"33";"";"nob";"99,000000000000";"0"
"93278";"978828343201509327801";"9788283432015";"0,474000000000";"Ny Vitenskap Den Fantastiske Jorda";"BC";"22.12.2016 00:00:00";"32";"How it works Incredible planet";"nob";"179,000000000000";"26"
"93278";"978828343202209327801";"9788283432022";"0,480000000000";"Ny Vitenskap Kroppen vol 3";"BC";"22.12.2016 00:00:00";"32";"How it works Human body";"nob";"179,000000000000";"0"
"93278";"978828343203909327801";"9788283432039";"0,000000000000";"Opplev Historien";"BC";"17.11.2016 00:00:00";"42";"Explore History";"nob";"159,000000000000";"0"
"93278";"978828343209109327801";"9788283432091";"0,434000000000";"Den ultimate guiden til Minecraft Vol 02";"BC";"22.12.2016 00:00:00";"34";"Ultimate guide to Minecraft";"nob";"179,000000000000";"56"
"93278";"978828343210709327801";"9788283432107";"0,588000000000";"Minecraft-boka vol 4 Tips&Tricks 2";"BB";"05.09.2016 00:00:00";"34";"Minecraft Tips & Tricks 2";"nob";"199,000000000000";"0"
"93278";"978828343211409327801";"9788283432114";"0,486000000000";"Dyreliv Junior";"BC";"12.01.2017 00:00:00";"33";"";"nob";"179,000000000000";"0"
"93278";"978828343212109327801";"9788283432121";"0,297000000000";"Pokemania (Pokemon GO)";"BC";"27.10.2016 00:00:00";"34";"";"nob";"149,000000000000";"884"
"93278";"978828343218309327801";"9788283432183";"0,340000000000";"Fargelegg Villmark";"BC";"27.10.2016 00:00:00";"83";"";"nob";"119,200000000000";"0"
"93278";"978828343219009327801";"9788283432190";"0,342000000000";"Enkel strikk til barn";"BC";"17.11.2016 00:00:00";"32";"";"nob";"179,000000000000";"36"
"93278";"978828343220609327801";"9788283432206";"0,442000000000";"Lonely Planet Drømmereiser 2017";"BC";"22.12.2016 00:00:00";"34";"Lonely Planet";"nob";"149,000000000000";"153"
"93278";"978828343226809327801";"9788283432268";"0,206000000000";"Vinterstrikk til baby";"BC";"05.01.2017 00:00:00";"32";"";"nob";"179,000000000000";"136"
"93278";"978828343237409327801";"9788283432374";"0,638000000000";"Ny Vitenskap Junior Dinosaur vol 2";"BB";"03.11.2017 00:00:00";"34";"How it works Dinosaurs";"nob";"199,000000000000";"0"
"93278";"978828343240409327801";"9788283432404";"0,363000000000";"Prikk til Prikk aktivitetsbok for voksne";"BC";"24.11.2016 00:00:00";"83";"";"nob";"135,200000000000";"807"
"93278";"978828343241109327801";"9788283432411";"0,552000000000";"Langtids Psykodynamisk Psykoterapi";"BC";"15.12.2017 00:00:00";"21";"Langtids Psykodynamisk Psykoterapi";"nob";"349,000000000000";"57"
"93278";"978828343242809327801";"9788283432428";"0,460000000000";"Historiens største eventyr";"BC";"02.02.2017 00:00:00";"32";"";"nob";"179,000000000000";"0"
"93278";"978828343243509327801";"9788283432435";"0,670000000000";"Dinosaurenes rekordbok";"BB";"02.02.2017 00:00:00";"33";"";"nob";"199,000000000000";"0"
"93278";"978828343244209327801";"9788283432442";"0,476000000000";"Taktikk & Strategi";"BC";"09.02.2017 00:00:00";"42";"Taktikk & Strategi";"nob";"179,000000000000";"43"
"93278";"978828343245909327801";"9788283432459";"0,362000000000";"Den store Poker-boken!";"BC";"09.02.2017 00:00:00";"32";"";"nob";"199,000000000000";"28"
"93278";"978828343246609327801";"9788283432466";"0,460000000000";"Andre Verdenskrig";"BC";"09.02.2017 00:00:00";"32";"Second world war";"nob";"179,000000000000";"0"
"93278";"978828343248009327801";"9788283432480";"0,258000000000";"Finn roen med Yoga";"BC";"16.02.2017 00:00:00";"32";"";"nob";"179,000000000000";"29"
"93278";"978828343250309327801";"9788283432503";"0,400000000000";"Rydd opp hjemme";"BC";"16.02.2017 00:00:00";"32";"";"nob";"99,000000000000";"0"
"93278";"978828343251009327801";"9788283432510";"0,420000000000";"Genier Historiens Største";"BC";"16.02.2017 00:00:00";"32";"";"nob";"179,000000000000";"50"
"93278";"978828343253409327801";"9788283432534";"0,402000000000";"Minecraft Den store guide";"BC";"22.02.2017 00:00:00";"34";"Minecraft guide";"nob";"179,000000000000";"0"
"93278";"978828343257209327801";"9788283432572";"0,470000000000";"Mafia";"BC";"16.03.2017 00:00:00";"32";"";"nob";"179,000000000000";"0"
"93278";"978828343258909327801";"9788283432589";"0,406000000000";"Kom igang med landeveisykling";"BC";"16.03.2017 00:00:00";"32";"";"nob";"179,000000000000";"31"
"93278";"978828343259609327801";"9788283432596";"0,482000000000";"Luftkrig";"BC";"28.04.2017 00:00:00";"32";"";"nob";"179,000000000000";"57"
"93278";"978828343260209327801";"9788283432602";"0,412000000000";"Zlatan En fan bok";"BB";"09.02.2017 00:00:00";"34";"";"nob";"129,000000000000";"29"
"93278";"978828343261909327801";"9788283432619";"0,470000000000";"Naturlig medisin";"BC";"29.09.2016 00:00:00";"32";"";"nob";"179,000000000000";"8"
"93278";"978828343262609327801";"9788283432626";"0,420000000000";"Ronaldo";"BB";"29.04.2017 00:00:00";"33";"";"nob";"149,000000000000";"0"
"93278";"978828343267109327801";"9788283432671";"0,420000000000";"Messi En fan bok";"BB";"05.09.2016 00:00:00";"34";"Messi fan book";"nob";"149,000000000000";"0"
"93278";"978828343268809327801";"9788283432688";"0,346000000000";"Havets Hemmeligheter (Fargelegging)";"BC";"09.02.2017 00:00:00";"83";"";"nob";"119,200000000000";"0"
"93278";"978828343269509327801";"9788283432695";"0,000000000000";"Lær å spill sjakk!";"BB";"02.02.2017 00:00:00";"42";"Chess for Beginners";"nob";"199,000000000000";"0"
"93278";"978828343273209327801";"9788283432732";"0,510000000000";"Sy Selv!";"BC";"02.03.2017 00:00:00";"32";"";"nob";"149,000000000000";"0"
"93278";"978828343280009327801";"9788283432800";"0,580000000000";"Kom i gang med sjakk!";"BB";"09.02.2017 00:00:00";"32";"Chess for Beginners";"nob";"199,000000000000";"0"
"93278";"978828343281709327801";"9788283432817";"0,460000000000";"Konspirasjonsteorier";"BC";"10.05.2017 00:00:00";"32";"";"nob";"179,000000000000";"0"
"93278";"978828343293009327801";"9788283432930";"0,370000000000";"Prikk til prikk Dyreriket";"BC";"02.03.2017 00:00:00";"32";"";"nob";"135,200000000000";"0"
"93278";"978828343299209327801";"9788283432992";"0,468000000000";"Droner";"BC";"18.05.2017 00:00:00";"32";"";"nob";"179,000000000000";"31"
"93278";"978828343300509327801";"9788283433005";"0,390000000000";"Mythomorphia Helt spesiell fargleggingsbok";"BC";"10.05.2017 00:00:00";"83";"";"nob";"135,200000000000";"0"
"93278";"978828343302909327801";"9788283433029";"0,473000000000";"Verdens rareste dyr";"BC";"24.05.2017 00:00:00";"34";"";"nob";"179,000000000000";"36"
"93278";"978828343311109327801";"9788283433111";"0,000000000000";"Russland i krig";"BC";"22.06.2017 00:00:00";"32";"";"nob";"179,000000000000";"0"
"93278";"978828343313509327801";"9788283433135";"0,474000000000";"100 medisinske gjennombrudd";"BC";"10.05.2017 00:00:00";"32";"";"nob";"179,000000000000";"15"
"93278";"978828343315909327801";"9788283433159";"0,430000000000";"Jorda rundt med dyrene";"BC";"22.06.2017 00:00:00";"34";"";"nob";"179,000000000000";"56"
"93278";"978828343316609327801";"9788283433166";"0,314000000000";"Magiske labyrinter (aktivitetsbok)";"BC";"09.06.2017 00:00:00";"33";"";"nob";"135,200000000000";"532"
"93278";"978828343317309327801";"9788283433173";"0,476000000000";"Den utrolige hjernen";"BC";"22.06.2017 00:00:00";"32";"";"nob";"179,000000000000";"75"
"93278";"978828343318009327801";"9788283433180";"0,000000000000";"Spioner";"BC";"08.06.2017 00:00:00";"32";"";"nob";"179,000000000000";"0"
"93278";"978828343319709327801";"9788283433197";"0,500000000000";"Virklighetens Hollywood";"BC";"09.06.2017 00:00:00";"32";"Hollywood Stories";"nob";"179,000000000000";"50"
"93278";"978828343322709327801";"9788283433227";"0,476000000000";"Sov Godt!";"BC";"31.05.2017 00:00:00";"32";"";"nob";"179,000000000000";"44"
"93278";"978828343325809327801";"9788283433258";"0,445000000000";"Sommerfletter";"BC";"31.05.2017 00:00:00";"32";"";"nob";"179,000000000000";"4"
"93278";"978828343328909327801";"9788283433289";"0,378000000000";"Pokemon GO Den ultimate Pokedex";"BC";"31.05.2017 00:00:00";"34";"";"nob";"149,000000000000";"0"
"93278";"978828343341809327801";"9788283433418";"0,360000000000";"Hekling for de minste";"BC";"31.05.2017 00:00:00";"32";"";"nob";"179,000000000000";"0"
"93278";"978828343349409327801";"9788283433494";"0,330000000000";"Den smarte veien til et ryddig hjem";"BC";"03.08.2017 00:00:00";"31";"";"nob";"99,000000000000";"130"
"93278";"978828343350009327801";"9788283433500";"0,446000000000";"Lonely Planet Verdens beste storbyferier";"BC";"05.10.2017 00:00:00";"32";"";"nob";"149,000000000000";"44"
"93278";"978828343351709327801";"9788283433517";"0,420000000000";"Vår fantastiske planet";"BC";"18.08.2017 00:00:00";"33";"";"nob";"179,000000000000";"51"
"93278";"978828343354809327801";"9788283433548";"0,390000000000";"Balanse i tarmen";"BC";"28.10.2017 00:00:00";"32";"Healthy Gut Cookbook";"nob";"99,000000000000";"0"
"93278";"978828343358609327801";"9788283433586";"0,406000000000";"Minecraftboka vol 5 Tips & Tricks3";"BC";"23.08.2017 00:00:00";"33";"Minecraft Secrets & Cheats";"nob";"179,000000000000";"0"
"93278";"978828343362309327801";"9788283433623";"0,270000000000";"Stjerne til stjerne (prikk til prikk)";"BC";"18.08.2017 00:00:00";"83";"";"nob";"119,200000000000";"0"
"93278";"978828343368509327801";"9788283433685";"0,450000000000";"Kreative Strikkeideer";"BC";"12.10.2017 00:00:00";"32";"Kreative Strikkeideer";"nob";"199,000000000000";"132"
"93278";"978828343372209327801";"9788283433722";"0,336000000000";"Ville Afrika (fargelegging)";"BC";"26.10.2017 00:00:00";"83";"Wild Africa";"nob";"119,200000000000";"0"
"93278";"978828343377709327801";"9788283433777";"0,450000000000";"Top Gear Superbiler (2018)";"BC";"26.10.2017 00:00:00";"32";"Top Gear Supercars";"nob";"179,000000000000";"0"
"93278";"978828343379109327801";"9788283433791";"0,530000000000";"Magisk Jul (Heftet)";"BC";"26.10.2017 00:00:00";"31";"Magisk Jul";"nob";"179,000000000000";"440"
"93278";"978828343381409327801";"9788283433814";"0,448000000000";"Lonely Planet Drømmereiser 2018";"BC";"16.11.2017 00:00:00";"32";"";"nob";"149,000000000000";"89"
"93278";"978828343387609327801";"9788283433876";"0,468000000000";"Slik blir du verdensmester";"BC";"26.10.2017 00:00:00";"32";"";"nob";"179,000000000000";"180"
"93278";"978828343397509327801";"9788283433975";"0,000000000000";"Magisk Jul (Innbundet)";"BB";"26.10.2017 00:00:00";"31";"Magisk Jul";"nob";"199,000000000000";"0"
"93278";"978828343401909327801";"9788283434019";"0,459000000000";"Kvinner som dreper";"BC";"01.02.2018 00:00:00";"32";"";"nob";"179,000000000000";"0"
"93278";"978828343402609327801";"9788283434026";"0,598000000000";"Jorda rundt med dyrene (Fargelegging)";"BC";"25.01.2017 00:00:00";"83";"Nouveau Bestiaire Extraordinaire";"nob";"135,200000000000";"0"
"93278";"978828343410109327801";"9788283434101";"0,300000000000";"Mindfulness";"BC";"19.07.2018 00:00:00";"32";"The Mindfulness Manual";"nob";"99,000000000000";"85"
"93278";"978828343411809327801";"9788283434118";"0,436000000000";"Dyrk Selv!";"BC";"01.03.2018 00:00:00";"32";"Selbstversorgt!";"nob";"199,000000000000";"741"
"93278";"978828343419409327801";"9788283434194";"0,405000000000";"Lonely Planet Verdens beste storbyreiser";"BC";"08.02.2018 00:00:00";"32";"Lonely Planet City Breaks";"nob";"149,000000000000";"30"
"93278";"978828343429309327801";"9788283434293";"0,473000000000";"Det offisielle VM-magasinet Russland 2018";"BC";"25.04.2018 00:00:00";"32";"FIFA Russia 2018";"nob";"149,000000000000";"13"
"93278";"978828343431609327801";"9788283434316";"0,334000000000";"Bitcoin og andre digitale valutaer";"BC";"02.05.2018 00:00:00";"32";"Bitcoin and cryptocurrencies";"nob";"149,000000000000";"76"
"93278";"978828343440809327801";"9788283434408";"0,324000000000";"Sukkerfri på 40 dager";"BC";"02.05.2018 00:00:00";"32";"";"nob";"199,000000000000";"13"
"93278";"978828343441509327801";"9788283434415";"0,514000000000";"Fotballens ville verden";"BB";"04.04.2018 00:00:00";"33";"Football Crazy!";"nob";"249,000000000000";"42"
"93278";"978828343442209327801";"9788283434422";"0,432000000000";"Historien om fotball-VM";"BC";"25.04.2018 00:00:00";"32";"History of the World Cup";"nob";"179,000000000000";"0"
"93278";"978828343447709327801";"9788283434477";"0,333000000000";"Europas historiske byer";"BC";"24.05.2018 00:00:00";"32";"Explore History";"nob";"149,000000000000";"0"
"93278";"978828343448409327801";"9788283434484";"0,330000000000";"Fantomorphia: En helt spesiel fargeleggingsbok";"BC";"15.05.2018 00:00:00";"83";"Fantomorphia";"nob";"135,200000000000";"148"
"93278";"978828343452109327801";"9788283434521";"0,374000000000";"Historiens vakreste byggverk";"BC";"19.07.2018 00:00:00";"32";"Explore History";"nob";"149,000000000000";"133"
"93278";"978828343454509327801";"9788283434545";"0,390000000000";"Minecraft - Byer og byggverk";"BC";"21.12.2020 00:00:00";"33";"Minecraft City Builders";"nob";"179,000000000000";"323"
"93278";"978828343464409327801";"9788283434644";"0,730000000000";"Labyrintdetektiven Anton-Jakten på den stjålne lab";"BB";"23.04.2018 00:00:00";"34";"";"nob";"99,000000000000";"596"
"93278";"978828343465109327801";"9788283434651";"0,332000000000";"Gå deg i form - din vei til bedre helse";"BC";"19.04.2018 00:00:00";"32";"Big Book of Walking";"nob";"99,000000000000";"63"
"93278";"978828343466809327801";"9788283434668";"0,325000000000";"Stephen Hawking";"BC";"28.06.2018 00:00:00";"32";"BBC Stephen Hawking";"nob";"149,000000000000";"54"
"93278";"978828343468209327801";"9788283434682";"0,388000000000";"Fortnite Den ultimate guide";"BC";"05.07.2018 00:00:00";"34";"Fortnite Magbook";"nob";"179,000000000000";"32"
"93278";"978828343469909327801";"9788283434699";"0,650000000000";"Vikinger";"BB";"07.06.2018 00:00:00";"32";"Book of Vikings";"nob";"199,000000000000";"19"
"93278";"978828343475009327801";"9788283434750";"0,429000000000";"Ny Vitenskap Junior (2018) Heftet";"BC";"02.08.2018 00:00:00";"32";"";"nob";"179,000000000000";"102"
"93278";"978828343476709327801";"9788283434767";"0,488000000000";"Enkel strikk til deg selv";"BB";"16.08.2018 00:00:00";"32";"";"nob";"199,000000000000";"84"
"93278";"978828343477409327801";"9788283434774";"0,364000000000";"Nazi-Tyskland";"BC";"30.08.2018 00:00:00";"32";"";"nob";"149,000000000000";"110"
"93278";"978828343480409327801";"9788283434804";"0,500000000000";"Elbiler - Den ultimate guide";"BC";"04.10.2018 00:00:00";"32";"The Ultimate Guide to Electric Cars";"nob";"179,000000000000";"31"
"93278";"978828343481109327801";"9788283434811";"0,480000000000";"Youtube Verdens Rekorder (Heftet)";"BC";"18.10.2018 00:00:00";"34";"Youtube World Records";"nob";"149,000000000000";"55"
"93278";"978828343486609327801";"9788283434866";"0,452000000000";"Visste du at?";"BC";"17.02.2020 00:00:00";"31";"";"nob";"149,000000000000";"42"
"93278";"978828343487309327801";"9788283434873";"0,480000000000";"Det beste fra vitenskapen";"BC";"30.08.2018 00:00:00";"32";"";"nob";"179,000000000000";"125"
"93278";"978828343488009327801";"9788283434880";"2,126000000000";"Oslo - fra Stolmagergaden til Barcode";"BC";"23.08.2018 00:00:00";"31";"Oslo - fra Stolmagergaden til Barcode";"nob";"449,000000000000";"0"
"93278";"978828343491009327801";"9788283434910";"0,629000000000";"Ny Vitenskap Junior (2018) Innbundet";"BB";"02.08.2018 00:00:00";"34";"";"nob";"199,000000000000";"73"
"93278";"978828343493409327801";"9788283434934";"0,430000000000";"Magisk Jul - Julens myter og overtro";"BC";"01.11.2018 00:00:00";"31";"Magisk Jul - Julens myter og overtro";"nob";"179,000000000000";"890"
"93278";"978828343499609327801";"9788283434996";"0,428000000000";"Fortnite Battle Royale";"BC";"15.11.2018 00:00:00";"34";"Fortnite Magbook";"nob";"149,000000000000";"2085"
"93278";"978828343507809327801";"9788283435078";"0,668000000000";"Verdens rareste dyr (Innbundet)";"BB";"27.09.2018 00:00:00";"34";"";"nob";"199,000000000000";"382"
"93278";"978828343511509327801";"9788283435115";"0,648000000000";"Youtube Verdens Rekorder (Innbundet)";"BB";"18.10.2018 00:00:00";"34";"Youtube World Records";"nob";"199,000000000000";"250"
"93278";"978828343517709327801";"9788283435177";"0,676000000000";"Verdens kuleste dinosaurer";"BB";"01.12.2021 00:00:00";"34";"";"nob";"249,000000000000";"1418"
"93278";"978828343523809327801";"9788283435238";"0,320000000000";"Fortnite: Den ultimate guiden til Battle Royale";"BC";"15.03.2019 00:00:00";"34";"Fortnite: The Complete Guide to Battle Royale";"nob";"179,000000000000";"905"
"93278";"978828343527609327801";"9788283435276";"0,336000000000";"Alt om katten";"BC";"23.04.2019 00:00:00";"32";"Katzen Basics";"nob";"179,000000000000";"114"
"93278";"978828343528309327801";"9788283435283";"0,330000000000";"Alt om valpen";"BC";"23.04.2019 00:00:00";"32";"Welpen Basics";"nob";"179,000000000000";"903"
"93278";"978828343530609327801";"9788283435306";"0,554000000000";"Knoper og stikk som forenkler hverdagen";"BB";"21.03.2019 00:00:00";"32";"Knopar som förenklar ditt liv";"nob";"199,000000000000";"5"
"93278";"978828343533709327801";"9788283435337";"0,680000000000";"Verdens kuleste dinosaurer";"BB";"21.02.2019 00:00:00";"33";"Dinosaur Record Breakers";"nob";"199,000000000000";"0"
"93278";"978828343535109327801";"9788283435351";"0,350000000000";"Dylan - hans liv og musikk";"BC";"03.11.2021 00:00:00";"32";"";"nob";"199,000000000000";"161"
"93278";"978828343536809327801";"9788283435368";"0,314000000000";"Apex Legends";"BC";"02.05.2019 00:00:00";"34";"";"nob";"149,000000000000";"182"
"93278";"978828343538209327801";"9788283435382";"0,393000000000";"Colourmorphia ""En helt spesiell fargeleggings bok""";"BC";"15.05.2019 00:00:00";"83";"Colourmorphia";"nob";"119,200000000000";"1235"
"93278";"978828343543609327801";"9788283435436";"0,358000000000";"Vitenskapen bak forbrytelser";"BC";"17.01.2020 00:00:00";"32";"The science of True Crime";"nob";"149,000000000000";"12"
"93278";"978828343544309327801";"9788283435443";"0,433000000000";"Verdens beste reiser";"BC";"17.02.2020 00:00:00";"32";"";"nob";"149,000000000000";"39"
"93278";"978828343545009327801";"9788283435450";"0,420000000000";"Fortnite - Den ultimate guiden";"BC";"04.07.2019 00:00:00";"34";"Fortnite Ultimate Guide Battle Royale";"nob";"179,000000000000";"0"
"93278";"978828343547409327801";"9788283435474";"0,426000000000";"2. verdenskrigs verste krigsforbrytere";"BC";"17.01.2020 00:00:00";"32";"";"nob";"149,000000000000";"0"
"93278";"978828343548109327801";"9788283435481";"0,452000000000";"Ølbrygging - En guide for nybegynnere";"BC";"01.11.2021 00:00:00";"32";"";"nob";"199,000000000000";"100"
"93278";"978828343549809327801";"9788283435498";"0,482000000000";"Historie & Vitenskap";"BC";"17.02.2020 00:00:00";"32";"";"nob";"179,000000000000";"26"
"93278";"978828343550409327801";"9788283435504";"0,310000000000";"Bli best i Fortnite";"BC";"02.05.2019 00:00:00";"33";"";"nob";"149,000000000000";"0"
"93278";"978828343552809327801";"9788283435528";"0,380000000000";"Den komplette kjæledyr boken";"BC";"30.05.2019 00:00:00";"32";"Perfect Pets";"nob";"179,000000000000";"237"
"93278";"978828343554209327801";"9788283435542";"0,358000000000";"Vitenskapens guide til kropp & hjerne";"BC";"17.01.2020 00:00:00";"32";"The scientific guide to a healthy body & brain";"nob";"149,000000000000";"29"
"93278";"978828343555909327801";"9788283435559";"0,370000000000";"KETO-dietten";"BC";"17.01.2020 00:00:00";"32";"Keto-diet";"nob";"149,000000000000";"0"
"93278";"978828343559709327801";"9788283435597";"0,328000000000";"Enkel strikk til de minste";"BC";"27.05.2019 00:00:00";"32";"Layette facile";"nob";"179,000000000000";"506"
"93278";"978828343562709327801";"9788283435627";"0,328000000000";"Hemmelige selskap: Losjer, brorskap & sekter";"BC";"17.01.2020 00:00:00";"31";"Secret societies";"nob";"149,000000000000";"89"
"93278";"978828343564109327801";"9788283435641";"0,464000000000";"Slik virker hjernen";"BC";"17.02.2020 00:00:00";"32";"";"nob";"179,000000000000";"28"
"93278";"978828343568909327801";"9788283435689";"0,434000000000";"Historie Junior";"BC";"17.01.2020 00:00:00";"32";"";"nob";"149,000000000000";"0"
"93278";"978828343569609327801";"9788283435696";"0,429000000000";"D-Dagen";"BC";"17.02.2020 00:00:00";"32";"";"nob";"149,000000000000";"28"
"93278";"978828343570209327801";"9788283435702";"0,466000000000";"En magisk villmark (fargelegging)";"BC";"18.07.2019 00:00:00";"83";"Into the Wild";"nob";"119,200000000000";"0"
"93278";"978828343571909327801";"9788283435719";"0,465000000000";"Vitenskapens utrolige fakta";"BC";"17.01.2020 00:00:00";"32";"";"nob";"179,000000000000";"50"
"93278";"978828343575709327801";"9788283435757";"0,366000000000";"Minecraft Tips & Tricks";"BC";"15.09.2020 00:00:00";"34";"";"nob";"179,000000000000";"0"
"93278";"978828343576409327801";"9788283435764";"0,466000000000";"Uløste Krim-Mysterier";"BC";"17.02.2020 00:00:00";"31";"";"nob";"179,000000000000";"31"
"93278";"978828343577109327801";"9788283435771";"0,449000000000";"Jakten på nazistene";"BC";"17.01.2020 00:00:00";"31";"";"nob";"149,000000000000";"26"
"93278";"978828343579509327801";"9788283435795";"0,437000000000";"Studentkokken";"BC";"21.11.2019 00:00:00";"32";"";"nob";"179,000000000000";"259"
"93278";"978828343591709327801";"9788283435917";"0,450000000000";"Visste du at? Vol 2";"BC";"01.11.2021 00:00:00";"32";"";"nob";"199,000000000000";"29"
"93278";"978828343804809327801";"9788283438048";"0,409000000000";"De beste reisene i Europa";"BC";"17.02.2020 00:00:00";"32";"";"nob";"149,000000000000";"22"
"93278";"978828343805509327801";"9788283438055";"0,407000000000";"The Beatles Den komplette guiden";"BC";"13.12.2021 00:00:00";"32";"";"nob";"199,000000000000";"176"
"93278";"978828343807909327801";"9788283438079";"0,394000000000";"Fortnite kaptittel 2";"BC";"01.11.2021 00:00:00";"32";"";"nob";"199,000000000000";"106"
"93278";"978828343810909327801";"9788283438109";"0,400000000000";"Spennende Labyrinter ""Byer og byggverk""";"BC";"06.03.2020 00:00:00";"83";"Extreme labyrinths";"nob";"135,200000000000";"219"
"93278";"978828343834509327801";"9788283438345";"0,488000000000";"Verdensrommet Junior";"BC";"01.11.2021 00:00:00";"34";"";"nob";"199,000000000000";"72"
"93278";"978828343836909327801";"9788283438369";"0,360000000000";"Jeg, meg og mitt";"BB";"30.01.2019 00:00:00";"83";"";"nob";"199,200000000000";"233"
"93278";"978828343837609327801";"9788283438376";"0,330000000000";"Geomorphia (En helt spesiell fargeleggings bok)";"BC";"20.02.2020 00:00:00";"83";"Geomorphia";"nob";"135,200000000000";"0"
"93278";"978828343838309327801";"9788283438383";"0,418000000000";"Opplev Norge (Reiseguide)";"BC";"15.05.2020 00:00:00";"31";"Opplev Norge";"nob";"179,000000000000";"1059"
"93278";"978828343839009327801";"9788283438390";"0,392000000000";"Minecraft: Drager & Monstre";"BC";"20.04.2020 00:00:00";"34";"";"nob";"179,000000000000";"0"
"93278";"978828343840609327801";"9788283438406";"0,370000000000";"Vikinger - Gravenes hemmeligheter";"BC";"23.06.2021 00:00:00";"31";"";"nob";"199,000000000000";"462"
"93278";"978828343841309327801";"9788283438413";"0,360000000000";"Alt om Pokémon Go! Med komplett pokédex";"BC";"20.04.2020 00:00:00";"34";"";"nob";"179,000000000000";"0"
"93278";"978828343842009327801";"9788283438420";"0,476000000000";"En sjelden fugl (fargeleggingsbok)";"BC";"25.05.2020 00:00:00";"83";"En sjelden fugl";"nob";"143,200000000000";"639"
"93278";"978828343852909327801";"9788283438529";"0,352000000000";"Minecraft jorden rundt";"BC";"19.08.2020 00:00:00";"31";"";"nob";"179,000000000000";"222"
"93278";"978828343854309327801";"9788283438543";"0,390000000000";"En Verden av Verdener (fargelegging)";"BC";"20.04.2020 00:00:00";"83";"Worlds within Worlds";"nob";"143,200000000000";"0"
"93278";"978828343856709327801";"9788283438567";"0,351000000000";"Minecraft Tips & Tricks (2021)";"BC";"22.04.2021 00:00:00";"34";"";"nob";"199,000000000000";"417"
"93278";"978828343868009327801";"9788283438680";"0,341000000000";"Villmark (fargelegging)";"BC";"19.03.2020 00:00:00";"83";"";"nob";"135,200000000000";"796"
"93278";"978828343869709327801";"9788283438697";"0,342000000000";"Havets hemmeligheter (fargelegging)";"BC";"19.03.2020 00:00:00";"83";"";"nob";"135,200000000000";"1002"
"93278";"978828343870309327801";"9788283438703";"0,368000000000";"Ville Afrika (fargelegging)";"BC";"19.03.2020 00:00:00";"83";"";"nob";"135,200000000000";"142"
"93278";"978828343871009327801";"9788283438710";"0,386000000000";"Tattoo designs (fargelegging)";"BC";"19.03.2020 00:00:00";"83";"Tattoo designs";"nob";"135,200000000000";"42"
"93278";"978828343872709327801";"9788283438727";"0,388000000000";"Flower Power (fargelegging)";"BC";"19.03.2020 00:00:00";"83";"Flower Power";"nob";"135,200000000000";"238"
"93278";"978828343873409327801";"9788283438734";"0,314000000000";"Fantastiske Dyr (fargelegging)";"BC";"19.03.2020 00:00:00";"83";"";"nob";"135,200000000000";"0"
"93278";"978828343874109327801";"9788283438741";"0,356000000000";"Animorphia (fargelegging)";"BC";"19.03.2020 00:00:00";"83";"Animorphia";"nob";"135,200000000000";"246"
"93278";"978828343875809327801";"9788283438758";"0,330000000000";"Mytomorphia (fargelegging)";"BC";"19.03.2020 00:00:00";"83";"";"nob";"135,200000000000";"0"
"93278";"978828343876509327801";"9788283438765";"0,420000000000";"En Magisk Villmark (fargelegging)";"BC";"19.03.2020 00:00:00";"83";"";"nob";"143,200000000000";"1255"
"93278";"978828343886409327801";"9788283438864";"0,232000000000";"Historier fra Midnattsmaskeraden (fargelegging)";"BC";"02.07.2020 00:00:00";"83";"Berättelser från midnattsmaskeraden";"nob";"143,200000000000";"1025"
"93278";"978828343887109327801";"9788283438871";"0,359000000000";"Seniorguiden til smarttelefoner & nettbrett";"BC";"06.08.2020 00:00:00";"32";"";"nob";"199,000000000000";"214"
"93278";"978828343904509327801";"9788283439045";"0,470000000000";"Fargerike dyr (fargelegging)";"BC";"01.10.2020 00:00:00";"83";"Coloriages mystères Animaux";"nob";"143,200000000000";"281"
"93278";"978828343906909327801";"9788283439069";"1,355000000000";"Fredtun - 100 fargerike år";"BB";"16.11.2020 00:00:00";"31";"";"nob";"399,000000000000";"163"
"93278";"978828343917509327801";"9788283439175";"0,542000000000";"Våre kjæreste julefortellinger";"BC";"23.10.2020 00:00:00";"32";"Älskade berättelser i juletid";"nob";"179,000000000000";"0"
"93278";"978828343923609327801";"9788283439236";"0,390000000000";"Elsker, elsker ikke (fargelegging)";"BC";"26.11.2020 00:00:00";"83";"";"nob";"143,200000000000";"591"
"93278";"978828343927409327801";"9788283439274";"0,345000000000";"Ned i vekt med ketodietten";"BC";"18.12.2020 00:00:00";"32";"";"nob";"179,000000000000";"279"
"93278";"978828343929809327801";"9788283439298";"0,440000000000";"Fargeleggingens Magi";"BC";"16.11.2020 00:00:00";"83";"";"nob";"143,200000000000";"870"
"93278";"978828343937309327801";"9788283439373";"0,352000000000";"Den store Roblox-boken";"BC";"14.01.2021 00:00:00";"34";"The Best Roblox Games Ever";"nob";"199,000000000000";"475"
"93278";"978828343960109327801";"9788283439601";"0,381000000000";"Bli best i Minecraft";"BC";"18.02.2021 00:00:00";"34";"";"nob";"199,000000000000";"0"
"93278";"978828343962509327801";"9788283439625";"0,390000000000";"Livets sirkel (Fargelegging)";"BC";"18.02.2021 00:00:00";"83";"";"nob";"143,200000000000";"291"
"93278";"978828343964909327801";"9788283439649";"0,514000000000";"Pokemon GO (2021)";"BC";"25.03.2021 00:00:00";"83";"Pokemon GO";"nob";"199,000000000000";"775"
"93278";"978828343967009327801";"9788283439670";"0,460000000000";"Jorda rundt med dyrene (Fargelegging)";"BC";"15.02.2021 00:00:00";"83";"";"nob";"143,200000000000";"934"
"93278";"978828343971709327801";"9788283439717";"0,390000000000";"Våre utrolige dyr (fargelegging)";"BC";"11.05.2021 00:00:00";"83";"";"nob";"143,200000000000";"717"
"93278";"978828343978609327801";"9788283439786";"1,390000000000";"Ludv. G. Braathen - gründer og pionér";"BC";"18.03.2021 00:00:00";"31";"Ludv. G. Braathen - gründer og pionér";"nob";"499,000000000000";"55"
"93278";"978828343989209327801";"9788283439892";"0,355000000000";"Fortnite - Bli best i Batte Royale";"BC";"10.06.2021 00:00:00";"34";"";"nob";"199,000000000000";"579"
"93278";"978828343990809327801";"9788283439908";"0,430000000000";"Animalia (Fargelegg/labyrint)";"BC";"17.06.2021 00:00:00";"83";"";"nob";"143,200000000000";"465"
"93278";"978828343994609327801";"9788283439946";"0,348000000000";"Minecraft Tips & Tricks (2021)";"BC";"17.06.2021 00:00:00";"34";"";"nob";"199,000000000000";"134"
"93278";"978828343999109327801";"9788283439991";"0,346000000000";"Våre fineste sommerfortellinger";"BC";"17.06.2021 00:00:00";"31";"";"nob";"179,000000000000";"216"
"93278";"978828447004709327801";"9788284470047";"0,372000000000";"Historien om Pokemon";"BC";"11.08.2021 00:00:00";"34";"";"nob";"199,000000000000";"0"
"93278";"978828447028309327801";"9788284470283";"0,440000000000";"Fargelegg stjernetegnene";"BC";"14.10.2021 00:00:00";"83";"";"nob";"135,200000000000";"273"
"93278";"978828447045009327801";"9788284470450";"0,490000000000";"Julefryd";"BC";"03.11.2021 00:00:00";"41";"";"nob";"179,000000000000";"0"
"93278";"978828447058009327801";"9788284470580";"0,332000000000";"Den store guiden til Roblox";"BC";"11.01.2022 00:00:00";"33";"";"nob";"199,000000000000";"506"
"93278";"978828447060309327801";"9788284470603";"0,365000000000";"Prikk til prikk fargelegging vol. 2";"BC";"01.01.2021 00:00:00";"83";"";"nob";"135,200000000000";"648"
"93278";"978828447084909327801";"9788284470849";"0,336000000000";"Uteboka for hele familien";"BC";"23.02.2022 00:00:00";"31";"Unplugged Family Activity Book";"nob";"249,000000000000";"742"
"93278";"978828447086309327801";"9788284470863";"0,000000000000";"Mystiske vesen (fargelegging)";"BC";"16.03.2022 00:00:00";"83";"Mythic World";"nob";"143,200000000000";"0"
"93278";"978829327800909327801";"9788293278009";"0,250000000000";"Esters kode";"BC";"23.11.2012 00:00:00";"32";"";"nob";"169,000000000000";"2"
"93278";"978829332100209327801";"9788293321002";"0,400000000000";"iPad Boka";"BC";"15.11.2013 00:00:00";"32";"The iPad Book";"nob";"189,000000000000";"0"
"93278";"978829332101909327801";"9788293321019";"0,400000000000";"iPhone Boka";"BC";"01.12.2013 00:00:00";"32";"The iPhone Book";"nob";"189,000000000000";"0"
"93278";"978829332102609327801";"9788293321026";"1,090000000000";"Briller";"BC";"14.10.2013 00:00:00";"31";"";"nob";"249,000000000000";"40"
"93278";"978829332103309327801";"9788293321033";"1,350000000000";"To turister i Frankrike";"BB";"14.10.2013 00:00:00";"31";"";"nob";"199,000000000000";"56"
"93278";"978829332104009327801";"9788293321040";"1,120000000000";"To Turister i Frankrike";"BC";"14.10.2013 00:00:00";"31";"";"nob";"169,000000000000";"0"
"93278";"978829332105709327801";"9788293321057";"1,340000000000";"Briller";"BB";"14.10.2013 00:00:00";"31";"";"nob";"298,000000000000";"21"
"93278";"978829332107109327801";"9788293321071";"0,440000000000";"Samsung Galaxy Boka";"BC";"15.11.2013 00:00:00";"31";"The Samsung Galaxy Book";"nob";"189,000000000000";"0"
"93278";"978829332108809327801";"9788293321088";"0,410000000000";"Android Boka";"BC";"15.11.2013 00:00:00";"32";"The Android Book";"nob";"189,000000000000";"0"
"93278";"978829332109509327801";"9788293321095";"0,858000000000";"Slagene på Re";"BB";"13.12.2013 00:00:00";"31";"";"nob";"250,000000000000";"18"
"93278";"978829332129309327801";"9788293321293";"0,410000000000";"iPhone Boka";"BC";"23.10.2014 00:00:00";"32";"The iPhone Book";"nob";"189,000000000000";"28"
"93278";"978829332130909327801";"9788293321309";"0,580000000000";"iPhone Boka (innbundet)";"BB";"23.10.2014 00:00:00";"32";"The iPhone Book";"nob";"199,000000000000";"0"
"93278";"978829332131609327801";"9788293321316";"0,410000000000";"iPad Boka";"BC";"23.10.2014 00:00:00";"32";"The iPad Book";"nob";"189,000000000000";"0"
"93278";"978829332132309327801";"9788293321323";"0,580000000000";"iPad Boka (innbundet)";"BB";"23.10.2014 00:00:00";"32";"The iPad Book";"nob";"199,000000000000";"40"
"93278";"978829332133009327801";"9788293321330";"0,410000000000";"Samsung Galaxy Boka";"BC";"23.10.2014 00:00:00";"32";"The Samsung Galaxy Book";"nob";"189,000000000000";"41"
"93278";"978829332134709327801";"9788293321347";"0,580000000000";"Samsung Galaxy Boka (innbundet)";"BB";"23.10.2014 00:00:00";"32";"The Samsung Galaxy Book";"nob";"199,000000000000";"0"
"93278";"978829332135409327801";"9788293321354";"0,410000000000";"Android Boka";"BC";"15.11.2014 00:00:00";"32";"The Android Book";"nob";"189,000000000000";"0"
"93278";"978829332149109327801";"9788293321491";"0,480000000000";"Boka om Dyreriket";"BC";"17.11.2014 00:00:00";"31";"All about animals";"nob";"179,000000000000";"66"
"93278";"978829332150709327801";"9788293321507";"0,670000000000";"Boka om Dyreriket";"BB";"25.11.2014 00:00:00";"32";"World of Animal";"nob";"199,000000000000";"0"
"93278";"978829332151409327801";"9788293321514";"0,524000000000";"Ny Vitenskap (Det beste innen)";"BC";"17.11.2014 00:00:00";"32";"How it Works";"nob";"179,000000000000";"0"
"93278";"978829332152109327801";"9788293321521";"0,710000000000";"Ny Vitenskap (Det beste innen)";"BB";"25.11.2014 00:00:00";"32";"How it Works - Annual";"nob";"199,000000000000";"42"
"93278";"978829332159009327801";"9788293321590";"0,579000000000";"Android Boka (innbundet)";"BB";"03.12.2014 00:00:00";"32";"The Android Book";"nob";"199,000000000000";"5"
"93278";"978829332166809327801";"9788293321668";"0,580000000000";"Ny Vitenskap - Kroppen";"BC";"17.12.2014 00:00:00";"32";"How It Works Book of the Human Body Second Revised";"nob";"179,000000000000";"30"
"93278";"978829332167509327801";"9788293321675";"0,710000000000";"Ny Vitenskap - Kroppen (innbundet)";"BB";"17.12.2014 00:00:00";"32";"How It Works Book of the Human Body Second Revised";"nob";"199,000000000000";"0"
"93278";"978829332168209327801";"9788293321682";"0,532000000000";"Ny Vitenskap - JUNIOR";"BC";"23.01.2015 00:00:00";"34";"How It Works Book of Junior Science Second Revised";"nob";"179,000000000000";"0"
"93278";"978829332169909327801";"9788293321699";"0,781000000000";"Ny Vitenskap - JUNIOR (innbundet)";"BB";"23.01.2015 00:00:00";"34";"How It Works Book of Junior Science Second Revised";"nob";"199,000000000000";"64"
"93278";"978829332170509327801";"9788293321705";"0,524000000000";"Ny Vitenskap - Spørsmål og Svar";"BC";"11.02.2015 00:00:00";"32";"How It Works Book of Amazing Answers to Curious Qu";"nob";"179,000000000000";"118"
"93278";"978829332171209327801";"9788293321712";"0,720000000000";"Ny Vitenskap - Spørsmål og Svar (innbundet)";"BB";"11.02.2015 00:00:00";"32";"How It Works Book of Amazing Answers to Curious Qu";"nob";"199,000000000000";"49"
"93278";"978829332172909327801";"9788293321729";"0,520000000000";"Ny Vitenskap - Verdensrommet";"BC";"01.04.2015 00:00:00";"32";"How It Works Book of Space";"nob";"179,000000000000";"0"
"93278";"978829332173609327801";"9788293321736";"0,726000000000";"Ny Vitenskap - Verdensrommet (innbundet)";"BB";"01.04.2015 00:00:00";"32";"How It Works Book of Space";"nob";"199,000000000000";"38"
"93278";"978829332174309327801";"9788293321743";"0,584000000000";"Sjakkboka (innbundet)";"BB";"27.02.2015 00:00:00";"32";"Chess for Beginners";"nob";"199,000000000000";"0"
"93278";"978829332175009327801";"9788293321750";"0,410000000000";"Sjakkboka";"BC";"27.02.2015 00:00:00";"32";"Chess for Beginners";"nob";"179,000000000000";"0"
"93278";"978829332176709327801";"9788293321767";"0,716000000000";"Ny Vitenskap - Rovdyr (innbundet)";"BB";"20.04.2015 00:00:00";"32";"World of Animals Book of Predators";"nob";"199,000000000000";"2"
"93278";"978829332177409327801";"9788293321774";"0,710000000000";"Ny Vitenskap - Historie (innbundet)";"BB";"04.05.2015 00:00:00";"32";"How It Works Book of Incredible History Volume 2 R";"nob";"199,000000000000";"48"
"93278";"978829332182809327801";"9788293321828";"1,018000000000";"60 metern på 12,4 (innbundet)";"BB";"21.04.2015 00:00:00";"31";"";"nob";"299,000000000000";"72"
"93278";"978829332183509327801";"9788293321835";"0,801000000000";"60 metern på 12,4";"BC";"21.04.2015 00:00:00";"31";"";"nob";"249,000000000000";"66"
"93278";"978829332188009327801";"9788293321880";"0,518000000000";"Digitalfoto for alle - bli en bedre fotograf";"BC";"19.05.2015 00:00:00";"32";"Digital Photography for Beginners";"nob";"179,000000000000";"8"
"93278";"978829332189709327801";"9788293321897";"0,724000000000";"Digitalfoto for alle - bli en bedre fotograf (innb";"BB";"19.05.2015 00:00:00";"32";"Digital Photography for Beginners";"nob";"199,000000000000";"15"
"93278";"978829332190309327801";"9788293321903";"0,410000000000";"Løping for alle - den ultimate guiden";"BC";"19.05.2015 00:00:00";"32";"Running for beginners";"nob";"179,000000000000";"0"
"93278";"978829332191009327801";"9788293321910";"0,588000000000";"Løping for alle - den ultimate guiden (innbundet)";"BB";"19.05.2015 00:00:00";"32";"Running for beginners";"nob";"199,000000000000";"85"
